settingtask_id,task_id,task_type,staff_id,staff_category,department_id,scheduled_hours,actual_hours,scheduled_day,actual_day,status,is_active,is_started,q_perf,q_deadline,q_status,a_mn
1,1,backend,2,2,1,12,10,6,5,adopted_customer,False,False,0.8333333333333334,0.8333333333333334,1.0,0.883
2,2,backend,2,2,1,14,16,7,8,adopted_customer,False,False,1.0,1.0,1.0,1.0
3,3,backend,2,2,1,10,9,5,4,verification,True,True,0.9,0.8,0.0,0.6
4,4,backend,2,2,1,8,4,4,2,Started,True,True,0.5,0.5,0.0,0.35
5,5,backend,2,2,1,9,7,4,3,verification_staff,True,True,0.7777777777777778,0.75,0.0,0.536
6,6,backend,2,2,1,6,0,3,0,Not_started,True,True,0.0,0.0,0.0,0.0
7,7,backend,2,2,1,10,11,5,5,adopted_customer,False,False,1.0,1.0,1.0,1.0
8,8,backend,2,2,1,6,5,3,2,adopted_customer,False,False,0.8333333333333334,0.6666666666666666,1.0,0.833
9,9,backend,2,2,1,7,6,3,3,verification,True,True,0.8571428571428571,1.0,0.0,0.643
10,10,integration,22,2,3,16,15,8,7,adopted_customer,False,False,0.9375,0.875,1.0,0.938
11,11,integration,22,2,3,14,17,7,8,adopted_customer,False,False,1.0,1.0,1.0,1.0
12,12,integration,22,2,3,12,11,6,5,verification_staff,True,True,0.9166666666666666,0.8333333333333334,0.0,0.617
13,13,integration,22,2,3,10,9,5,4,verification,True,True,0.9,0.8,0.0,0.6
14,14,integration,22,2,3,8,3,4,1,Started,True,True,0.375,0.25,0.0,0.225
15,15,integration,22,2,3,12,11,6,5,verification,True,True,0.9166666666666666,0.8333333333333334,0.0,0.617
16,16,integration,22,2,3,6,0,3,0,Not_started,True,True,0.0,0.0,0.0,0.0
17,17,integration,22,2,3,9,8,4,4,adopted,False,False,0.8888888888888888,1.0,1.0,0.956
18,18,integration,22,2,3,7,10,3,5,rejected_customer,True,True,1.0,1.0,0.0,0.7
19,19,integration,22,2,3,10,10,5,5,adopted_customer,False,False,1.0,1.0,1.0,1.0
20,20,integration,22,2,3,6,5,3,2,verification_staff,True,True,0.8333333333333334,0.6666666666666666,0.0,0.533
21,21,devops,23,2,5,12,13,6,6,adopted_customer,False,False,1.0,1.0,1.0,1.0
22,22,devops,23,2,5,14,12,7,6,adopted_customer,False,False,0.8571428571428571,0.8571428571428571,1.0,0.9
23,23,devops,23,2,5,10,8,5,4,verification,True,True,0.8,0.8,0.0,0.56
24,24,devops,23,2,5,7,2,3,1,Started,True,True,0.2857142857142857,0.3333333333333333,0.0,0.214
25,25,devops,23,2,5,11,9,5,4,verification_staff,True,True,0.8181818181818182,0.8,0.0,0.567
26,26,devops,23,2,5,8,0,4,0,Not_started,True,True,0.0,0.0,0.0,0.0
27,27,devops,23,2,5,9,7,4,3,adopted_customer,False,False,0.7777777777777778,0.75,1.0,0.836
28,28,devops,23,2,5,6,5,3,2,adopted_customer,False,False,0.8333333333333334,0.6666666666666666,1.0,0.833
29,29,backend,2,2,1,8,7,4,3,adopted_customer,False,False,0.875,0.75,1.0,0.875
30,30,backend,2,2,1,10,10,5,5,adopted_customer,False,False,1.0,1.0,1.0,1.0
31,31,backend,2,2,1,9,9,4,4,adopted_customer,False,False,1.0,1.0,1.0,1.0
32,32,backend,2,2,1,6,7,3,3,adopted_customer,False,False,1.0,1.0,1.0,1.0
33,33,backend,2,2,1,7,8,3,4,adopted_customer,False,False,1.0,1.0,1.0,1.0
34,34,backend,2,2,1,6,6,3,3,adopted_customer,False,False,1.0,1.0,1.0,1.0
35,35,backend,2,2,1,7,7,3,3,adopted_customer,False,False,1.0,1.0,1.0,1.0
36,36,backend,2,2,1,9,10,4,5,adopted_customer,False,False,1.0,1.0,1.0,1.0
37,37,backend,2,2,1,6,5,3,2,adopted_customer,False,False,0.8333333333333334,0.6666666666666666,1.0,0.833
38,38,backend,2,2,1,5,6,2,3,adopted_customer,False,False,1.0,1.0,1.0,1.0
39,39,backend,2,2,1,6,7,3,3,adopted_customer,False,False,1.0,1.0,1.0,1.0
40,40,backend,2,2,1,7,6,3,3,adopted_customer,False,False,0.8571428571428571,1.0,1.0,0.943
41,41,backend,2,2,1,10,11,5,5,adopted_customer,False,False,1.0,1.0,1.0,1.0
42,42,frontend,4,2,2,8,9,4,4,adopted_customer,False,False,1.0,1.0,1.0,1.0
43,43,frontend,4,2,2,7,6,3,3,adopted_customer,False,False,0.8571428571428571,1.0,1.0,0.943
44,44,frontend,4,2,2,6,6,3,3,adopted_customer,False,False,1.0,1.0,1.0,1.0
45,45,frontend,4,2,2,5,4,2,2,adopted_customer,False,False,0.8,1.0,1.0,0.92
46,46,frontend,4,2,2,6,6,3,3,adopted_customer,False,False,1.0,1.0,1.0,1.0
47,47,frontend,4,2,2,5,5,2,2,adopted_customer,False,False,1.0,1.0,1.0,1.0
48,48,frontend,4,2,2,7,8,3,4,adopted_customer,False,False,1.0,1.0,1.0,1.0
49,49,frontend,4,2,2,6,7,3,3,adopted_customer,False,False,1.0,1.0,1.0,1.0
50,50,frontend,4,2,2,8,9,4,4,adopted_customer,False,False,1.0,1.0,1.0,1.0
51,51,frontend,4,2,2,5,5,2,2,adopted_customer,False,False,1.0,1.0,1.0,1.0
52,52,frontend,4,2,2,7,6,3,3,adopted_customer,False,False,0.8571428571428571,1.0,1.0,0.943
53,53,frontend,4,2,2,6,6,3,3,adopted_customer,False,False,1.0,1.0,1.0,1.0
54,54,integration,22,2,3,6,5,3,2,adopted_customer,False,False,0.8333333333333334,0.6666666666666666,1.0,0.833
55,55,integration,22,2,3,8,9,4,4,adopted_customer,False,False,1.0,1.0,1.0,1.0
56,56,integration,22,2,3,10,10,5,5,adopted_customer,False,False,1.0,1.0,1.0,1.0
57,57,integration,22,2,3,6,6,3,3,adopted_customer,False,False,1.0,1.0,1.0,1.0
58,58,integration,22,2,3,7,8,3,4,adopted_customer,False,False,1.0,1.0,1.0,1.0
59,59,integration,22,2,3,7,7,3,3,adopted_customer,False,False,1.0,1.0,1.0,1.0
60,60,integration,22,2,3,6,6,3,3,adopted_customer,False,False,1.0,1.0,1.0,1.0
61,61,integration,22,2,3,5,5,2,2,adopted_customer,False,False,1.0,1.0,1.0,1.0
62,62,integration,22,2,3,8,7,4,3,adopted_customer,False,False,0.875,0.75,1.0,0.875
63,63,integration,22,2,3,6,6,3,3,adopted_customer,False,False,1.0,1.0,1.0,1.0
64,64,integration,22,2,3,5,6,2,3,adopted_customer,False,False,1.0,1.0,1.0,1.0
65,65,devops,23,2,5,6,6,3,3,adopted_customer,False,False,1.0,1.0,1.0,1.0
66,66,devops,23,2,5,6,5,3,2,adopted_customer,False,False,0.8333333333333334,0.6666666666666666,1.0,0.833
67,67,devops,23,2,5,7,8,3,4,adopted_customer,False,False,1.0,1.0,1.0,1.0
68,68,devops,23,2,5,5,5,2,2,adopted_customer,False,False,1.0,1.0,1.0,1.0
69,69,devops,23,2,5,6,6,3,3,adopted_customer,False,False,1.0,1.0,1.0,1.0
70,70,devops,23,2,5,6,6,3,3,adopted_customer,False,False,1.0,1.0,1.0,1.0
71,71,devops,23,2,5,8,9,4,4,adopted_customer,False,False,1.0,1.0,1.0,1.0
72,72,devops,23,2,5,7,7,3,3,adopted_customer,False,False,1.0,1.0,1.0,1.0
73,73,database,44,2,4,6,6,3,3,adopted_customer,False,False,1.0,1.0,1.0,1.0
74,74,database,44,2,4,5,5,2,2,adopted_customer,False,False,1.0,1.0,1.0,1.0
75,75,database,44,2,4,7,8,3,4,adopted_customer,False,False,1.0,1.0,1.0,1.0
76,76,database,44,2,4,6,7,3,3,adopted_customer,False,False,1.0,1.0,1.0,1.0
77,77,database,44,2,4,5,5,2,2,adopted_customer,False,False,1.0,1.0,1.0,1.0
78,78,database,44,2,4,5,5,2,2,adopted_customer,False,False,1.0,1.0,1.0,1.0
79,79,testing,33,2,8,7,8,3,4,adopted_customer,False,False,1.0,1.0,1.0,1.0
80,80,testing,33,2,8,7,7,3,3,adopted_customer,False,False,1.0,1.0,1.0,1.0
81,81,testing,33,2,8,6,6,3,3,adopted_customer,False,False,1.0,1.0,1.0,1.0
82,82,testing,33,2,8,6,6,3,3,adopted_customer,False,False,1.0,1.0,1.0,1.0
83,83,testing,33,2,8,5,5,2,2,adopted_customer,False,False,1.0,1.0,1.0,1.0
84,84,testing,33,2,8,5,5,2,2,adopted_customer,False,False,1.0,1.0,1.0,1.0
85,85,backend,2,2,1,16,13,4,3,adopted_customer,False,False,0.8125,0.75,1.0,0.85
86,86,backend,2,2,1,18,16,4,4,adopted_customer,False,False,0.8888888888888888,1.0,1.0,0.956
87,87,backend,2,2,1,14,12,3,3,adopted_customer,False,False,0.8571428571428571,1.0,1.0,0.943
88,88,backend,2,2,1,15,13,3,3,adopted_customer,False,False,0.8666666666666667,1.0,1.0,0.947
89,89,backend,2,2,1,12,11,3,2,adopted_customer,False,False,0.9166666666666666,0.6666666666666666,1.0,0.867
90,90,backend,2,2,1,14,12,3,3,adopted_customer,False,False,0.8571428571428571,1.0,1.0,0.943
91,91,backend,2,2,1,16,15,4,3,adopted_customer,False,False,0.9375,0.75,1.0,0.9
92,92,backend,2,2,1,18,16,4,4,adopted_customer,False,False,0.8888888888888888,1.0,1.0,0.956
93,93,backend,2,2,1,15,14,3,3,adopted_customer,False,False,0.9333333333333333,1.0,1.0,0.973
94,94,backend,2,2,1,14,12,3,3,adopted_customer,False,False,0.8571428571428571,1.0,1.0,0.943
95,95,backend,2,2,1,13,11,3,2,adopted_customer,False,False,0.8461538461538461,0.6666666666666666,1.0,0.838
96,96,backend,2,2,1,12,11,3,2,adopted_customer,False,False,0.9166666666666666,0.6666666666666666,1.0,0.867
97,97,backend,2,2,1,14,13,3,3,adopted_customer,False,False,0.9285714285714286,1.0,1.0,0.971
98,98,backend,2,2,1,10,9,2,2,adopted_customer,False,False,0.9,1.0,1.0,0.96
99,99,backend,2,2,1,16,14,4,3,adopted_customer,False,False,0.875,0.75,1.0,0.875
100,100,frontend,4,2,2,15,13,3,3,adopted_customer,False,False,0.8666666666666667,1.0,1.0,0.947
101,101,frontend,4,2,2,18,16,4,4,adopted_customer,False,False,0.8888888888888888,1.0,1.0,0.956
102,102,frontend,4,2,2,14,12,3,3,adopted_customer,False,False,0.8571428571428571,1.0,1.0,0.943
103,103,frontend,4,2,2,15,13,3,3,adopted_customer,False,False,0.8666666666666667,1.0,1.0,0.947
104,104,frontend,4,2,2,13,12,3,3,adopted_customer,False,False,0.9230769230769231,1.0,1.0,0.969
105,105,frontend,4,2,2,14,13,3,3,adopted_customer,False,False,0.9285714285714286,1.0,1.0,0.971
106,106,frontend,4,2,2,17,15,4,3,adopted_customer,False,False,0.8823529411764706,0.75,1.0,0.878
107,107,frontend,4,2,2,13,12,3,3,adopted_customer,False,False,0.9230769230769231,1.0,1.0,0.969
108,108,frontend,4,2,2,16,14,4,3,adopted_customer,False,False,0.875,0.75,1.0,0.875
109,109,frontend,4,2,2,15,13,3,3,adopted_customer,False,False,0.8666666666666667,1.0,1.0,0.947
110,110,frontend,4,2,2,14,13,3,3,adopted_customer,False,False,0.9285714285714286,1.0,1.0,0.971
111,111,frontend,4,2,2,12,11,3,2,adopted_customer,False,False,0.9166666666666666,0.6666666666666666,1.0,0.867
112,112,frontend,4,2,2,13,11,3,2,adopted_customer,False,False,0.8461538461538461,0.6666666666666666,1.0,0.838
113,113,frontend,4,2,2,16,15,4,3,adopted_customer,False,False,0.9375,0.75,1.0,0.9
114,114,frontend,4,2,2,14,12,3,3,adopted_customer,False,False,0.8571428571428571,1.0,1.0,0.943
115,115,integration,22,2,3,15,13,3,3,adopted_customer,False,False,0.8666666666666667,1.0,1.0,0.947
116,116,integration,22,2,3,17,15,4,3,adopted_customer,False,False,0.8823529411764706,0.75,1.0,0.878
117,117,integration,22,2,3,14,12,3,3,adopted_customer,False,False,0.8571428571428571,1.0,1.0,0.943
118,118,integration,22,2,3,13,12,3,3,adopted_customer,False,False,0.9230769230769231,1.0,1.0,0.969
119,119,integration,22,2,3,14,12,3,3,adopted_customer,False,False,0.8571428571428571,1.0,1.0,0.943
120,120,integration,22,2,3,12,11,3,2,adopted_customer,False,False,0.9166666666666666,0.6666666666666666,1.0,0.867
121,121,integration,22,2,3,15,14,3,3,adopted_customer,False,False,0.9333333333333333,1.0,1.0,0.973
122,122,integration,22,2,3,13,12,3,3,adopted_customer,False,False,0.9230769230769231,1.0,1.0,0.969
123,123,integration,22,2,3,14,13,3,3,adopted_customer,False,False,0.9285714285714286,1.0,1.0,0.971
124,124,integration,22,2,3,12,11,3,2,adopted_customer,False,False,0.9166666666666666,0.6666666666666666,1.0,0.867
125,125,integration,22,2,3,13,12,3,3,adopted_customer,False,False,0.9230769230769231,1.0,1.0,0.969
126,126,integration,22,2,3,14,12,3,3,adopted_customer,False,False,0.8571428571428571,1.0,1.0,0.943
127,127,integration,22,2,3,15,14,3,3,adopted_customer,False,False,0.9333333333333333,1.0,1.0,0.973
128,128,integration,22,2,3,13,11,3,2,adopted_customer,False,False,0.8461538461538461,0.6666666666666666,1.0,0.838
129,129,devops,23,2,5,15,13,3,3,adopted_customer,False,False,0.8666666666666667,1.0,1.0,0.947
130,130,devops,23,2,5,16,14,4,3,adopted_customer,False,False,0.875,0.75,1.0,0.875
131,131,devops,23,2,5,14,12,3,3,adopted_customer,False,False,0.8571428571428571,1.0,1.0,0.943
132,132,devops,23,2,5,13,12,3,3,adopted_customer,False,False,0.9230769230769231,1.0,1.0,0.969
133,133,devops,23,2,5,15,13,3,3,adopted_customer,False,False,0.8666666666666667,1.0,1.0,0.947
134,134,devops,23,2,5,16,14,4,3,adopted_customer,False,False,0.875,0.75,1.0,0.875
135,135,devops,23,2,5,14,12,3,3,adopted_customer,False,False,0.8571428571428571,1.0,1.0,0.943
136,136,devops,23,2,5,15,13,3,3,adopted_customer,False,False,0.8666666666666667,1.0,1.0,0.947
137,137,devops,23,2,5,13,11,3,2,adopted_customer,False,False,0.8461538461538461,0.6666666666666666,1.0,0.838
138,138,devops,23,2,5,12,11,3,2,adopted_customer,False,False,0.9166666666666666,0.6666666666666666,1.0,0.867
139,139,devops,23,2,5,14,13,3,3,adopted_customer,False,False,0.9285714285714286,1.0,1.0,0.971
140,140,devops,23,2,5,15,14,3,3,adopted_customer,False,False,0.9333333333333333,1.0,1.0,0.973
141,141,devops,23,2,5,13,11,3,2,adopted_customer,False,False,0.8461538461538461,0.6666666666666666,1.0,0.838
142,142,devops,23,2,5,14,13,3,3,adopted_customer,False,False,0.9285714285714286,1.0,1.0,0.971
143,143,database,44,2,4,15,13,3,3,adopted_customer,False,False,0.8666666666666667,1.0,1.0,0.947
144,144,database,44,2,4,16,14,4,3,adopted_customer,False,False,0.875,0.75,1.0,0.875
145,145,database,44,2,4,14,12,3,3,adopted_customer,False,False,0.8571428571428571,1.0,1.0,0.943
146,146,database,44,2,4,13,11,3,2,adopted_customer,False,False,0.8461538461538461,0.6666666666666666,1.0,0.838
147,147,database,44,2,4,15,13,3,3,adopted_customer,False,False,0.8666666666666667,1.0,1.0,0.947
148,148,database,44,2,4,16,15,4,3,adopted_customer,False,False,0.9375,0.75,1.0,0.9
149,149,database,44,2,4,14,12,3,3,adopted_customer,False,False,0.8571428571428571,1.0,1.0,0.943
150,150,database,44,2,4,13,12,3,3,adopted_customer,False,False,0.9230769230769231,1.0,1.0,0.969
151,151,database,44,2,4,15,14,3,3,adopted_customer,False,False,0.9333333333333333,1.0,1.0,0.973
152,152,database,44,2,4,12,11,3,2,adopted_customer,False,False,0.9166666666666666,0.6666666666666666,1.0,0.867
153,153,database,44,2,4,14,13,3,3,adopted_customer,False,False,0.9285714285714286,1.0,1.0,0.971
154,154,database,44,2,4,15,13,3,3,adopted_customer,False,False,0.8666666666666667,1.0,1.0,0.947
155,155,database,44,2,4,14,12,3,3,adopted_customer,False,False,0.8571428571428571,1.0,1.0,0.943
156,156,database,44,2,4,13,12,3,3,adopted_customer,False,False,0.9230769230769231,1.0,1.0,0.969
157,157,ml_ai,33,2,8,15,13,3,3,adopted_customer,False,False,0.8666666666666667,1.0,1.0,0.947
158,158,ml_ai,33,2,8,16,14,4,3,adopted_customer,False,False,0.875,0.75,1.0,0.875
159,159,ml_ai,33,2,8,14,12,3,3,adopted_customer,False,False,0.8571428571428571,1.0,1.0,0.943
160,160,ml_ai,33,2,8,13,11,3,2,adopted_customer,False,False,0.8461538461538461,0.6666666666666666,1.0,0.838
161,161,ml_ai,33,2,8,15,13,3,3,adopted_customer,False,False,0.8666666666666667,1.0,1.0,0.947
162,162,ml_ai,33,2,8,16,14,4,3,adopted_customer,False,False,0.875,0.75,1.0,0.875
163,163,ml_ai,33,2,8,14,12,3,3,adopted_customer,False,False,0.8571428571428571,1.0,1.0,0.943
164,164,ml_ai,33,2,8,13,11,3,2,adopted_customer,False,False,0.8461538461538461,0.6666666666666666,1.0,0.838
165,165,ml_ai,33,2,8,15,14,3,3,adopted_customer,False,False,0.9333333333333333,1.0,1.0,0.973
166,166,ml_ai,33,2,8,12,11,3,2,adopted_customer,False,False,0.9166666666666666,0.6666666666666666,1.0,0.867
167,167,ml_ai,33,2,8,14,12,3,3,adopted_customer,False,False,0.8571428571428571,1.0,1.0,0.943
168,168,ml_ai,33,2,8,15,13,3,3,adopted_customer,False,False,0.8666666666666667,1.0,1.0,0.947
169,169,ml_ai,33,2,8,13,12,3,3,adopted_customer,False,False,0.9230769230769231,1.0,1.0,0.969
170,170,ml_ai,33,2,8,14,13,3,3,adopted_customer,False,False,0.9285714285714286,1.0,1.0,0.971
171,171,backend,2,2,1,16,14,8,7,adopted_customer,False,False,0.875,0.875,1.0,0.913
172,172,backend,2,2,1,14,13,7,6,adopted_customer,False,False,0.9285714285714286,0.8571428571428571,1.0,0.929
173,173,backend,2,2,1,15,13,7,6,adopted_customer,False,False,0.8666666666666667,0.8571428571428571,1.0,0.904
174,174,backend,2,2,1,13,12,6,6,adopted_customer,False,False,0.9230769230769231,1.0,1.0,0.969
175,175,backend,2,2,1,12,12,6,6,adopted_customer,False,False,1.0,1.0,1.0,1.0
176,176,backend,2,2,1,14,14,7,7,adopted_customer,False,False,1.0,1.0,1.0,1.0
177,177,backend,2,2,1,11,10,5,5,adopted_customer,False,False,0.9090909090909091,1.0,1.0,0.964
178,178,backend,2,2,1,13,11,6,5,adopted_customer,False,False,0.8461538461538461,0.8333333333333334,1.0,0.888
179,179,backend,2,2,1,12,11,6,5,adopted_customer,False,False,0.9166666666666666,0.8333333333333334,1.0,0.917
180,180,backend,2,2,1,11,10,5,5,adopted_customer,False,False,0.9090909090909091,1.0,1.0,0.964
181,181,backend,2,2,1,10,9,5,4,adopted_customer,False,False,0.9,0.8,1.0,0.9
182,182,backend,2,2,1,12,11,6,5,adopted_customer,False,False,0.9166666666666666,0.8333333333333334,1.0,0.917
183,183,frontend,4,2,2,14,13,7,6,adopted_customer,False,False,0.9285714285714286,0.8571428571428571,1.0,0.929
184,184,frontend,4,2,2,13,11,6,5,adopted_customer,False,False,0.8461538461538461,0.8333333333333334,1.0,0.888
185,185,frontend,4,2,2,15,14,7,7,adopted_customer,False,False,0.9333333333333333,1.0,1.0,0.973
186,186,frontend,4,2,2,11,10,5,5,adopted_customer,False,False,0.9090909090909091,1.0,1.0,0.964
187,187,frontend,4,2,2,12,12,6,6,adopted_customer,False,False,1.0,1.0,1.0,1.0
188,188,frontend,4,2,2,13,12,6,6,adopted_customer,False,False,0.9230769230769231,1.0,1.0,0.969
189,189,frontend,4,2,2,11,10,5,5,adopted_customer,False,False,0.9090909090909091,1.0,1.0,0.964
190,190,frontend,4,2,2,12,11,6,5,adopted_customer,False,False,0.9166666666666666,0.8333333333333334,1.0,0.917
191,191,frontend,4,2,2,10,10,5,5,adopted_customer,False,False,1.0,1.0,1.0,1.0
192,192,frontend,4,2,2,10,9,5,4,adopted_customer,False,False,0.9,0.8,1.0,0.9
193,193,frontend,4,2,2,13,12,6,6,adopted_customer,False,False,0.9230769230769231,1.0,1.0,0.969
194,194,integration,22,2,3,14,12,7,6,adopted_customer,False,False,0.8571428571428571,0.8571428571428571,1.0,0.9
195,195,integration,22,2,3,13,12,6,6,adopted_customer,False,False,0.9230769230769231,1.0,1.0,0.969
196,196,integration,22,2,3,12,11,6,5,adopted_customer,False,False,0.9166666666666666,0.8333333333333334,1.0,0.917
197,197,integration,22,2,3,13,12,6,6,adopted_customer,False,False,0.9230769230769231,1.0,1.0,0.969
198,198,integration,22,2,3,11,10,5,5,adopted_customer,False,False,0.9090909090909091,1.0,1.0,0.964
199,199,integration,22,2,3,14,14,7,7,adopted_customer,False,False,1.0,1.0,1.0,1.0
200,200,integration,22,2,3,12,10,6,5,adopted_customer,False,False,0.8333333333333334,0.8333333333333334,1.0,0.883
201,201,integration,22,2,3,10,9,5,4,adopted_customer,False,False,0.9,0.8,1.0,0.9
202,202,integration,22,2,3,11,10,5,5,adopted_customer,False,False,0.9090909090909091,1.0,1.0,0.964
203,203,integration,22,2,3,13,12,6,6,adopted_customer,False,False,0.9230769230769231,1.0,1.0,0.969
204,204,devops,23,2,5,14,13,7,6,adopted_customer,False,False,0.9285714285714286,0.8571428571428571,1.0,0.929
205,205,devops,23,2,5,13,12,6,6,adopted_customer,False,False,0.9230769230769231,1.0,1.0,0.969
206,206,devops,23,2,5,12,12,6,6,adopted_customer,False,False,1.0,1.0,1.0,1.0
207,207,devops,23,2,5,15,14,7,7,adopted_customer,False,False,0.9333333333333333,1.0,1.0,0.973
208,208,devops,23,2,5,12,10,6,5,adopted_customer,False,False,0.8333333333333334,0.8333333333333334,1.0,0.883
209,209,devops,23,2,5,11,11,5,5,adopted_customer,False,False,1.0,1.0,1.0,1.0
210,210,devops,23,2,5,13,12,6,6,adopted_customer,False,False,0.9230769230769231,1.0,1.0,0.969
211,211,devops,23,2,5,14,13,7,6,adopted_customer,False,False,0.9285714285714286,0.8571428571428571,1.0,0.929
212,212,devops,23,2,5,11,10,5,5,adopted_customer,False,False,0.9090909090909091,1.0,1.0,0.964
213,213,devops,23,2,5,12,11,6,5,adopted_customer,False,False,0.9166666666666666,0.8333333333333334,1.0,0.917
214,214,database,44,2,4,14,13,7,6,adopted_customer,False,False,0.9285714285714286,0.8571428571428571,1.0,0.929
215,215,database,44,2,4,13,11,6,5,adopted_customer,False,False,0.8461538461538461,0.8333333333333334,1.0,0.888
216,216,database,44,2,4,12,12,6,6,adopted_customer,False,False,1.0,1.0,1.0,1.0
217,217,database,44,2,4,13,12,6,6,adopted_customer,False,False,0.9230769230769231,1.0,1.0,0.969
218,218,database,44,2,4,11,10,5,5,adopted_customer,False,False,0.9090909090909091,1.0,1.0,0.964
219,219,database,44,2,4,12,11,6,5,adopted_customer,False,False,0.9166666666666666,0.8333333333333334,1.0,0.917
220,220,database,44,2,4,11,10,5,5,adopted_customer,False,False,0.9090909090909091,1.0,1.0,0.964
221,221,database,44,2,4,14,12,7,6,adopted_customer,False,False,0.8571428571428571,0.8571428571428571,1.0,0.9
222,222,database,44,2,4,15,14,7,7,adopted_customer,False,False,0.9333333333333333,1.0,1.0,0.973
223,223,database,44,2,4,13,12,6,6,adopted_customer,False,False,0.9230769230769231,1.0,1.0,0.969
224,224,ml_ai,12,2,6,15,13,7,6,adopted_customer,False,False,0.8666666666666667,0.8571428571428571,1.0,0.904
225,225,ml_ai,12,2,6,16,14,8,7,adopted_customer,False,False,0.875,0.875,1.0,0.913
226,226,ml_ai,12,2,6,14,12,7,6,adopted_customer,False,False,0.8571428571428571,0.8571428571428571,1.0,0.9
227,227,ml_ai,12,2,6,13,11,6,5,adopted_customer,False,False,0.8461538461538461,0.8333333333333334,1.0,0.888
228,228,ml_ai,12,2,6,15,13,7,6,adopted_customer,False,False,0.8666666666666667,0.8571428571428571,1.0,0.904
229,229,ml_ai,12,2,6,16,14,8,7,adopted_customer,False,False,0.875,0.875,1.0,0.913
230,230,ml_ai,12,2,6,14,12,7,6,adopted_customer,False,False,0.8571428571428571,0.8571428571428571,1.0,0.9
231,231,ml_ai,12,2,6,13,11,6,5,adopted_customer,False,False,0.8461538461538461,0.8333333333333334,1.0,0.888
232,232,ml_ai,12,2,6,15,14,7,7,adopted_customer,False,False,0.9333333333333333,1.0,1.0,0.973
233,233,ml_ai,12,2,6,12,11,6,5,adopted_customer,False,False,0.9166666666666666,0.8333333333333334,1.0,0.917
234,234,ml_ai,12,2,6,14,12,7,6,adopted_customer,False,False,0.8571428571428571,0.8571428571428571,1.0,0.9
235,235,ml_ai,12,2,6,15,13,7,6,adopted_customer,False,False,0.8666666666666667,0.8571428571428571,1.0,0.904
236,236,ml_ai,12,2,6,13,12,6,6,adopted_customer,False,False,0.9230769230769231,1.0,1.0,0.969
237,237,ml_ai,12,2,6,14,13,7,6,adopted_customer,False,False,0.9285714285714286,0.8571428571428571,1.0,0.929
238,238,documentation,54,2,10,14,13,7,6,adopted_customer,False,False,0.9285714285714286,0.8571428571428571,1.0,0.929
239,239,documentation,54,2,10,13,12,6,6,adopted_customer,False,False,0.9230769230769231,1.0,1.0,0.969
240,240,documentation,54,2,10,12,12,6,6,adopted_customer,False,False,1.0,1.0,1.0,1.0
241,241,documentation,54,2,10,13,12,6,6,adopted_customer,False,False,0.9230769230769231,1.0,1.0,0.969
242,242,documentation,54,2,10,11,10,5,5,adopted_customer,False,False,0.9090909090909091,1.0,1.0,0.964
243,243,documentation,54,2,10,10,9,5,4,adopted_customer,False,False,0.9,0.8,1.0,0.9
244,244,documentation,54,2,10,12,11,6,5,adopted_customer,False,False,0.9166666666666666,0.8333333333333334,1.0,0.917
245,245,documentation,54,2,10,11,11,5,5,adopted_customer,False,False,1.0,1.0,1.0,1.0
246,246,documentation,54,2,10,12,11,6,5,adopted_customer,False,False,0.9166666666666666,0.8333333333333334,1.0,0.917
247,247,documentation,54,2,10,13,12,6,6,adopted_customer,False,False,0.9230769230769231,1.0,1.0,0.969
248,248,ux_ui,37,2,9,14,13,7,6,adopted_customer,False,False,0.9285714285714286,0.8571428571428571,1.0,0.929
249,249,ux_ui,37,2,9,13,11,6,5,adopted_customer,False,False,0.8461538461538461,0.8333333333333334,1.0,0.888
250,250,ux_ui,37,2,9,12,12,6,6,adopted_customer,False,False,1.0,1.0,1.0,1.0
251,251,ux_ui,37,2,9,13,12,6,6,adopted_customer,False,False,0.9230769230769231,1.0,1.0,0.969
252,252,ux_ui,37,2,9,11,10,5,5,adopted_customer,False,False,0.9090909090909091,1.0,1.0,0.964
253,253,ux_ui,37,2,9,12,12,6,6,adopted_customer,False,False,1.0,1.0,1.0,1.0
254,254,ux_ui,37,2,9,11,10,5,5,adopted_customer,False,False,0.9090909090909091,1.0,1.0,0.964
255,255,ux_ui,37,2,9,10,9,5,4,adopted_customer,False,False,0.9,0.8,1.0,0.9
256,256,ux_ui,37,2,9,11,10,5,5,adopted_customer,False,False,0.9090909090909091,1.0,1.0,0.964
257,257,ux_ui,37,2,9,12,11,6,5,adopted_customer,False,False,0.9166666666666666,0.8333333333333334,1.0,0.917
258,258,testing,33,2,8,14,12,7,6,adopted_customer,False,False,0.8571428571428571,0.8571428571428571,1.0,0.9
259,259,testing,33,2,8,13,13,6,6,adopted_customer,False,False,1.0,1.0,1.0,1.0
260,260,testing,33,2,8,15,14,7,7,adopted_customer,False,False,0.9333333333333333,1.0,1.0,0.973
261,261,testing,33,2,8,12,10,6,5,adopted_customer,False,False,0.8333333333333334,0.8333333333333334,1.0,0.883
262,262,testing,33,2,8,11,11,5,5,adopted_customer,False,False,1.0,1.0,1.0,1.0
263,263,testing,33,2,8,13,12,6,6,adopted_customer,False,False,0.9230769230769231,1.0,1.0,0.969
264,264,testing,33,2,8,10,9,5,4,adopted_customer,False,False,0.9,0.8,1.0,0.9
265,265,testing,33,2,8,12,11,6,5,adopted_customer,False,False,0.9166666666666666,0.8333333333333334,1.0,0.917
266,266,testing,33,2,8,13,12,6,6,adopted_customer,False,False,0.9230769230769231,1.0,1.0,0.969
267,267,testing,33,2,8,14,13,7,6,adopted_customer,False,False,0.9285714285714286,0.8571428571428571,1.0,0.929
268,268,backend,2,2,1,48,46,24,23,adopted_customer,False,False,0.9583333333333334,0.9583333333333334,1.0,0.971
269,269,backend,2,2,1,42,39,21,19,adopted_customer,False,False,0.9285714285714286,0.9047619047619048,1.0,0.943
270,270,backend,2,2,1,35,32,17,16,adopted_customer,False,False,0.9142857142857143,0.9411764705882353,1.0,0.948
271,271,backend,2,2,1,28,25,14,12,adopted_customer,False,False,0.8928571428571429,0.8571428571428571,1.0,0.914
272,272,backend,2,2,1,24,23,12,11,adopted_customer,False,False,0.9583333333333334,0.9166666666666666,1.0,0.958
273,273,backend,2,2,1,32,30,16,15,adopted_customer,False,False,0.9375,0.9375,1.0,0.956
274,274,backend,2,2,1,30,29,15,14,adopted_customer,False,False,0.9666666666666667,0.9333333333333333,1.0,0.967
275,275,backend,2,2,1,26,24,13,12,adopted_customer,False,False,0.9230769230769231,0.9230769230769231,1.0,0.946
276,276,backend,2,2,1,38,36,19,18,adopted_customer,False,False,0.9473684210526315,0.9473684210526315,1.0,0.963
277,277,backend,2,2,1,20,18,10,9,adopted_customer,False,False,0.9,0.9,1.0,0.93
278,278,frontend,4,2,2,50,47,25,23,adopted_customer,False,False,0.94,0.92,1.0,0.952
279,279,frontend,4,2,2,42,40,21,20,adopted_customer,False,False,0.9523809523809523,0.9523809523809523,1.0,0.967
280,280,frontend,4,2,2,38,36,19,18,adopted_customer,False,False,0.9473684210526315,0.9473684210526315,1.0,0.963
281,281,frontend,4,2,2,35,33,17,16,adopted_customer,False,False,0.9428571428571428,0.9411764705882353,1.0,0.959
282,282,frontend,4,2,2,30,27,15,13,adopted_customer,False,False,0.9,0.8666666666666667,1.0,0.92
283,283,frontend,4,2,2,26,24,13,12,adopted_customer,False,False,0.9230769230769231,0.9230769230769231,1.0,0.946
284,284,frontend,4,2,2,28,26,14,13,adopted_customer,False,False,0.9285714285714286,0.9285714285714286,1.0,0.95
285,285,frontend,4,2,2,24,21,12,10,adopted_customer,False,False,0.875,0.8333333333333334,1.0,0.9
286,286,integration,22,2,3,44,40,22,20,adopted_customer,False,False,0.9090909090909091,0.9090909090909091,1.0,0.936
287,287,integration,22,2,3,36,34,18,17,adopted_customer,False,False,0.9444444444444444,0.9444444444444444,1.0,0.961
288,288,integration,22,2,3,40,38,20,19,adopted_customer,False,False,0.95,0.95,1.0,0.965
289,289,integration,22,2,3,30,28,15,14,adopted_customer,False,False,0.9333333333333333,0.9333333333333333,1.0,0.953
290,290,integration,22,2,3,26,25,13,12,adopted_customer,False,False,0.9615384615384616,0.9230769230769231,1.0,0.962
291,291,integration,22,2,3,22,20,11,10,adopted_customer,False,False,0.9090909090909091,0.9090909090909091,1.0,0.936
292,292,integration,22,2,3,24,23,12,11,adopted_customer,False,False,0.9583333333333334,0.9166666666666666,1.0,0.958
293,293,database,44,2,4,48,45,24,22,adopted_customer,False,False,0.9375,0.9166666666666666,1.0,0.95
294,294,database,44,2,4,40,38,20,19,adopted_customer,False,False,0.95,0.95,1.0,0.965
295,295,database,44,2,4,30,28,15,14,adopted_customer,False,False,0.9333333333333333,0.9333333333333333,1.0,0.953
296,296,database,44,2,4,28,26,14,13,adopted_customer,False,False,0.9285714285714286,0.9285714285714286,1.0,0.95
297,297,database,44,2,4,24,23,12,11,adopted_customer,False,False,0.9583333333333334,0.9166666666666666,1.0,0.958
298,298,database,44,2,4,26,25,13,12,adopted_customer,False,False,0.9615384615384616,0.9230769230769231,1.0,0.962
299,299,database,44,2,4,22,21,11,10,adopted_customer,False,False,0.9545454545454546,0.9090909090909091,1.0,0.955
300,300,database,44,2,4,30,29,15,14,adopted_customer,False,False,0.9666666666666667,0.9333333333333333,1.0,0.967
301,301,devops,23,2,5,46,44,23,22,adopted_customer,False,False,0.9565217391304348,0.9565217391304348,1.0,0.97
302,302,devops,23,2,5,42,39,21,19,adopted_customer,False,False,0.9285714285714286,0.9047619047619048,1.0,0.943
303,303,devops,23,2,5,35,33,17,16,adopted_customer,False,False,0.9428571428571428,0.9411764705882353,1.0,0.959
304,304,devops,23,2,5,38,36,19,18,adopted_customer,False,False,0.9473684210526315,0.9473684210526315,1.0,0.963
305,305,devops,23,2,5,30,29,15,14,adopted_customer,False,False,0.9666666666666667,0.9333333333333333,1.0,0.967
306,306,devops,23,2,5,28,26,14,13,adopted_customer,False,False,0.9285714285714286,0.9285714285714286,1.0,0.95
307,307,ml_ai,12,2,6,34,32,17,16,adopted_customer,False,False,0.9411764705882353,0.9411764705882353,1.0,0.959
308,308,ml_ai,12,2,6,40,37,20,18,adopted_customer,False,False,0.925,0.9,1.0,0.94
309,309,ml_ai,12,2,6,32,29,16,14,adopted_customer,False,False,0.90625,0.875,1.0,0.925
310,310,ml_ai,12,2,6,30,28,15,14,adopted_customer,False,False,0.9333333333333333,0.9333333333333333,1.0,0.953
311,311,ml_ai,12,2,6,26,24,13,12,adopted_customer,False,False,0.9230769230769231,0.9230769230769231,1.0,0.946
312,312,ml_ai,12,2,6,24,22,12,11,adopted_customer,False,False,0.9166666666666666,0.9166666666666666,1.0,0.942
313,313,mobile,11,2,7,48,45,24,22,adopted_customer,False,False,0.9375,0.9166666666666666,1.0,0.95
314,314,mobile,11,2,7,40,37,20,18,adopted_customer,False,False,0.925,0.9,1.0,0.94
315,315,mobile,11,2,7,36,34,18,17,adopted_customer,False,False,0.9444444444444444,0.9444444444444444,1.0,0.961
316,316,mobile,11,2,7,28,25,14,12,adopted_customer,False,False,0.8928571428571429,0.8571428571428571,1.0,0.914
317,317,mobile,11,2,7,30,28,15,14,adopted_customer,False,False,0.9333333333333333,0.9333333333333333,1.0,0.953
318,318,testing,33,2,8,35,32,17,16,adopted_customer,False,False,0.9142857142857143,0.9411764705882353,1.0,0.948
319,319,testing,33,2,8,38,36,19,18,adopted_customer,False,False,0.9473684210526315,0.9473684210526315,1.0,0.963
320,320,testing,33,2,8,28,26,14,13,adopted_customer,False,False,0.9285714285714286,0.9285714285714286,1.0,0.95
321,321,testing,33,2,8,30,28,15,14,adopted_customer,False,False,0.9333333333333333,0.9333333333333333,1.0,0.953
322,322,testing,33,2,8,24,23,12,11,adopted_customer,False,False,0.9583333333333334,0.9166666666666666,1.0,0.958
323,323,ux_ui,37,2,9,42,40,21,20,adopted_customer,False,False,0.9523809523809523,0.9523809523809523,1.0,0.967
324,324,ux_ui,37,2,9,36,34,18,17,adopted_customer,False,False,0.9444444444444444,0.9444444444444444,1.0,0.961
325,325,ux_ui,37,2,9,30,28,15,14,adopted_customer,False,False,0.9333333333333333,0.9333333333333333,1.0,0.953
326,326,ux_ui,37,2,9,28,25,14,12,adopted_customer,False,False,0.8928571428571429,0.8571428571428571,1.0,0.914
327,327,ux_ui,37,2,9,32,30,16,15,adopted_customer,False,False,0.9375,0.9375,1.0,0.956
328,328,documentation,54,2,10,24,22,12,11,adopted_customer,False,False,0.9166666666666666,0.9166666666666666,1.0,0.942
329,329,documentation,54,2,10,20,18,10,9,adopted_customer,False,False,0.9,0.9,1.0,0.93
330,330,documentation,54,2,10,18,17,9,8,adopted_customer,False,False,0.9444444444444444,0.8888888888888888,1.0,0.944
331,331,documentation,54,2,10,22,21,11,10,adopted_customer,False,False,0.9545454545454546,0.9090909090909091,1.0,0.955
332,332,architecture,42,2,11,46,44,23,22,adopted_customer,False,False,0.9565217391304348,0.9565217391304348,1.0,0.97
333,333,architecture,42,2,11,40,38,20,19,adopted_customer,False,False,0.95,0.95,1.0,0.965
334,334,architecture,42,2,11,36,35,18,17,adopted_customer,False,False,0.9722222222222222,0.9444444444444444,1.0,0.972
335,335,architecture,42,2,11,28,26,14,13,adopted_customer,False,False,0.9285714285714286,0.9285714285714286,1.0,0.95
336,336,backend,2,2,1,45,43,22,21,adopted_customer,False,False,0.9555555555555556,0.9545454545454546,1.0,0.969
337,337,backend,2,2,1,38,35,19,17,adopted_customer,False,False,0.9210526315789473,0.8947368421052632,1.0,0.937
338,338,backend,2,2,1,28,26,14,13,adopted_customer,False,False,0.9285714285714286,0.9285714285714286,1.0,0.95
339,339,backend,2,2,1,35,33,17,16,adopted_customer,False,False,0.9428571428571428,0.9411764705882353,1.0,0.959
340,340,backend,2,2,1,40,37,20,18,adopted_customer,False,False,0.925,0.9,1.0,0.94
341,341,backend,2,2,1,30,28,15,14,adopted_customer,False,False,0.9333333333333333,0.9333333333333333,1.0,0.953
342,342,backend,2,2,1,25,22,12,11,adopted_customer,False,False,0.88,0.9166666666666666,1.0,0.927
343,343,backend,2,2,1,18,17,9,8,adopted_customer,False,False,0.9444444444444444,0.8888888888888888,1.0,0.944
344,344,backend,2,2,1,32,31,16,15,adopted_customer,False,False,0.96875,0.9375,1.0,0.969
345,345,frontend,4,2,2,40,38,20,19,adopted_customer,False,False,0.95,0.95,1.0,0.965
346,346,frontend,4,2,2,36,33,18,16,adopted_customer,False,False,0.9166666666666666,0.8888888888888888,1.0,0.933
347,347,frontend,4,2,2,26,25,13,12,adopted_customer,False,False,0.9615384615384616,0.9230769230769231,1.0,0.962
348,348,frontend,4,2,2,20,19,10,9,adopted_customer,False,False,0.95,0.9,1.0,0.95
349,349,frontend,4,2,2,22,21,11,10,adopted_customer,False,False,0.9545454545454546,0.9090909090909091,1.0,0.955
350,350,frontend,4,2,2,28,26,14,13,adopted_customer,False,False,0.9285714285714286,0.9285714285714286,1.0,0.95
351,351,frontend,4,2,2,34,32,17,16,adopted_customer,False,False,0.9411764705882353,0.9411764705882353,1.0,0.959
352,352,frontend,4,2,2,24,23,12,11,adopted_customer,False,False,0.9583333333333334,0.9166666666666666,1.0,0.958
353,353,integration,22,2,3,36,34,18,17,adopted_customer,False,False,0.9444444444444444,0.9444444444444444,1.0,0.961
354,354,integration,22,2,3,32,31,16,15,adopted_customer,False,False,0.96875,0.9375,1.0,0.969
355,355,integration,22,2,3,30,28,15,14,adopted_customer,False,False,0.9333333333333333,0.9333333333333333,1.0,0.953
356,356,integration,22,2,3,20,19,10,9,adopted_customer,False,False,0.95,0.9,1.0,0.95
357,357,integration,22,2,3,25,24,12,12,adopted_customer,False,False,0.96,1.0,1.0,0.984
358,358,integration,22,2,3,26,24,13,12,adopted_customer,False,False,0.9230769230769231,0.9230769230769231,1.0,0.946
359,359,database,44,2,4,34,33,17,16,adopted_customer,False,False,0.9705882352941176,0.9411764705882353,1.0,0.971
360,360,database,44,2,4,28,26,14,13,adopted_customer,False,False,0.9285714285714286,0.9285714285714286,1.0,0.95
361,361,database,44,2,4,24,22,12,11,adopted_customer,False,False,0.9166666666666666,0.9166666666666666,1.0,0.942
362,362,database,44,2,4,22,20,11,10,adopted_customer,False,False,0.9090909090909091,0.9090909090909091,1.0,0.936
363,363,database,44,2,4,18,17,9,8,adopted_customer,False,False,0.9444444444444444,0.8888888888888888,1.0,0.944
364,364,database,44,2,4,26,24,13,12,adopted_customer,False,False,0.9230769230769231,0.9230769230769231,1.0,0.946
365,365,devops,23,2,5,36,34,18,17,adopted_customer,False,False,0.9444444444444444,0.9444444444444444,1.0,0.961
366,366,devops,23,2,5,30,28,15,14,adopted_customer,False,False,0.9333333333333333,0.9333333333333333,1.0,0.953
367,367,devops,23,2,5,26,24,13,12,adopted_customer,False,False,0.9230769230769231,0.9230769230769231,1.0,0.946
368,368,devops,23,2,5,24,22,12,11,adopted_customer,False,False,0.9166666666666666,0.9166666666666666,1.0,0.942
369,369,devops,23,2,5,22,21,11,10,adopted_customer,False,False,0.9545454545454546,0.9090909090909091,1.0,0.955
370,370,ml_ai,12,2,6,30,28,15,14,adopted_customer,False,False,0.9333333333333333,0.9333333333333333,1.0,0.953
371,371,ml_ai,12,2,6,26,25,13,12,adopted_customer,False,False,0.9615384615384616,0.9230769230769231,1.0,0.962
372,372,ml_ai,12,2,6,34,32,17,16,adopted_customer,False,False,0.9411764705882353,0.9411764705882353,1.0,0.959
373,373,ml_ai,12,2,6,22,21,11,10,adopted_customer,False,False,0.9545454545454546,0.9090909090909091,1.0,0.955
374,374,mobile,11,2,7,40,38,20,19,adopted_customer,False,False,0.95,0.95,1.0,0.965
375,375,mobile,11,2,7,22,21,11,10,adopted_customer,False,False,0.9545454545454546,0.9090909090909091,1.0,0.955
376,376,mobile,11,2,7,18,17,9,8,adopted_customer,False,False,0.9444444444444444,0.8888888888888888,1.0,0.944
377,377,mobile,11,2,7,20,18,10,9,adopted_customer,False,False,0.9,0.9,1.0,0.93
378,378,testing,33,2,8,26,24,13,12,adopted_customer,False,False,0.9230769230769231,0.9230769230769231,1.0,0.946
379,379,testing,33,2,8,24,22,12,11,adopted_customer,False,False,0.9166666666666666,0.9166666666666666,1.0,0.942
380,380,testing,33,2,8,20,18,10,9,adopted_customer,False,False,0.9,0.9,1.0,0.93
381,381,testing,33,2,8,22,21,11,10,adopted_customer,False,False,0.9545454545454546,0.9090909090909091,1.0,0.955
382,382,ux_ui,37,2,9,28,26,14,13,adopted_customer,False,False,0.9285714285714286,0.9285714285714286,1.0,0.95
383,383,ux_ui,37,2,9,24,22,12,11,adopted_customer,False,False,0.9166666666666666,0.9166666666666666,1.0,0.942
384,384,ux_ui,37,2,9,26,24,13,12,adopted_customer,False,False,0.9230769230769231,0.9230769230769231,1.0,0.946
385,385,ux_ui,37,2,9,20,19,10,9,adopted_customer,False,False,0.95,0.9,1.0,0.95
386,386,documentation,54,2,10,18,17,9,8,adopted_customer,False,False,0.9444444444444444,0.8888888888888888,1.0,0.944
387,387,documentation,54,2,10,20,18,10,9,adopted_customer,False,False,0.9,0.9,1.0,0.93
388,388,documentation,54,2,10,22,21,11,10,adopted_customer,False,False,0.9545454545454546,0.9090909090909091,1.0,0.955
389,389,architecture,42,2,11,40,38,20,19,adopted_customer,False,False,0.95,0.95,1.0,0.965
390,390,architecture,42,2,11,34,32,17,16,adopted_customer,False,False,0.9411764705882353,0.9411764705882353,1.0,0.959
391,391,architecture,42,2,11,30,28,15,14,adopted_customer,False,False,0.9333333333333333,0.9333333333333333,1.0,0.953
392,392,backend,2,2,1,42,41,21,20,adopted_customer,False,False,0.9761904761904762,0.9523809523809523,1.0,0.976
393,393,backend,2,2,1,40,38,20,19,adopted_customer,False,False,0.95,0.95,1.0,0.965
394,394,backend,2,2,1,38,37,19,18,adopted_customer,False,False,0.9736842105263158,0.9473684210526315,1.0,0.974
395,395,backend,2,2,1,45,43,22,21,adopted_customer,False,False,0.9555555555555556,0.9545454545454546,1.0,0.969
396,396,backend,2,2,1,36,34,18,17,adopted_customer,False,False,0.9444444444444444,0.9444444444444444,1.0,0.961
397,397,backend,2,2,1,32,30,16,15,adopted_customer,False,False,0.9375,0.9375,1.0,0.956
398,398,backend,2,2,1,34,32,17,16,adopted_customer,False,False,0.9411764705882353,0.9411764705882353,1.0,0.959
399,399,backend,2,2,1,28,26,14,13,adopted_customer,False,False,0.9285714285714286,0.9285714285714286,1.0,0.95
400,400,backend,2,2,1,26,25,13,12,adopted_customer,False,False,0.9615384615384616,0.9230769230769231,1.0,0.962
401,401,backend,2,2,1,22,21,11,10,adopted_customer,False,False,0.9545454545454546,0.9090909090909091,1.0,0.955
402,402,backend,2,2,1,33,32,16,16,adopted_customer,False,False,0.9696969696969697,1.0,1.0,0.988
403,403,backend,2,2,1,40,39,20,19,adopted_customer,False,False,0.975,0.95,1.0,0.975
404,404,backend,2,2,1,35,33,17,16,adopted_customer,False,False,0.9428571428571428,0.9411764705882353,1.0,0.959
405,405,backend,2,2,1,31,29,15,14,adopted_customer,False,False,0.9354838709677419,0.9333333333333333,1.0,0.954
406,406,backend,2,2,1,29,27,14,13,adopted_customer,False,False,0.9310344827586207,0.9285714285714286,1.0,0.951
407,407,backend,2,2,1,25,23,12,11,adopted_customer,False,False,0.92,0.9166666666666666,1.0,0.943
408,408,frontend,4,2,2,40,38,20,19,adopted_customer,False,False,0.95,0.95,1.0,0.965
409,409,frontend,4,2,2,36,34,18,17,adopted_customer,False,False,0.9444444444444444,0.9444444444444444,1.0,0.961
410,410,frontend,4,2,2,28,27,14,13,adopted_customer,False,False,0.9642857142857143,0.9285714285714286,1.0,0.964
411,411,frontend,4,2,2,24,23,12,11,adopted_customer,False,False,0.9583333333333334,0.9166666666666666,1.0,0.958
412,412,frontend,4,2,2,30,29,15,14,adopted_customer,False,False,0.9666666666666667,0.9333333333333333,1.0,0.967
413,413,frontend,4,2,2,26,25,13,12,adopted_customer,False,False,0.9615384615384616,0.9230769230769231,1.0,0.962
414,414,frontend,4,2,2,22,21,11,10,adopted_customer,False,False,0.9545454545454546,0.9090909090909091,1.0,0.955
415,415,frontend,4,2,2,20,19,10,9,adopted_customer,False,False,0.95,0.9,1.0,0.95
416,416,frontend,4,2,2,34,33,17,16,adopted_customer,False,False,0.9705882352941176,0.9411764705882353,1.0,0.971
417,417,frontend,4,2,2,28,26,14,13,adopted_customer,False,False,0.9285714285714286,0.9285714285714286,1.0,0.95
418,418,frontend,4,2,2,18,17,9,8,adopted_customer,False,False,0.9444444444444444,0.8888888888888888,1.0,0.944
419,419,frontend,4,2,2,23,22,11,11,adopted_customer,False,False,0.9565217391304348,1.0,1.0,0.983
420,420,frontend,4,2,2,19,18,9,9,adopted_customer,False,False,0.9473684210526315,1.0,1.0,0.979
421,421,frontend,4,2,2,25,24,12,12,adopted_customer,False,False,0.96,1.0,1.0,0.984
422,422,frontend,4,2,2,27,26,13,13,adopted_customer,False,False,0.9629629629629629,1.0,1.0,0.985
423,423,frontend,4,2,2,32,30,16,15,adopted_customer,False,False,0.9375,0.9375,1.0,0.956
424,424,frontend,4,2,2,21,20,10,10,adopted_customer,False,False,0.9523809523809523,1.0,1.0,0.981
425,425,integration,22,2,3,40,39,20,19,adopted_customer,False,False,0.975,0.95,1.0,0.975
426,426,integration,22,2,3,34,33,17,16,adopted_customer,False,False,0.9705882352941176,0.9411764705882353,1.0,0.971
427,427,integration,22,2,3,32,30,16,15,adopted_customer,False,False,0.9375,0.9375,1.0,0.956
428,428,integration,22,2,3,30,28,15,14,adopted_customer,False,False,0.9333333333333333,0.9333333333333333,1.0,0.953
429,429,integration,22,2,3,26,24,13,12,adopted_customer,False,False,0.9230769230769231,0.9230769230769231,1.0,0.946
430,430,integration,22,2,3,22,21,11,10,adopted_customer,False,False,0.9545454545454546,0.9090909090909091,1.0,0.955
431,431,integration,22,2,3,24,23,12,11,adopted_customer,False,False,0.9583333333333334,0.9166666666666666,1.0,0.958
432,432,integration,22,2,3,18,17,9,8,adopted_customer,False,False,0.9444444444444444,0.8888888888888888,1.0,0.944
433,433,database,44,2,4,38,36,19,18,adopted_customer,False,False,0.9473684210526315,0.9473684210526315,1.0,0.963
434,434,database,44,2,4,32,30,16,15,adopted_customer,False,False,0.9375,0.9375,1.0,0.956
435,435,database,44,2,4,28,27,14,13,adopted_customer,False,False,0.9642857142857143,0.9285714285714286,1.0,0.964
436,436,database,44,2,4,26,25,13,12,adopted_customer,False,False,0.9615384615384616,0.9230769230769231,1.0,0.962
437,437,database,44,2,4,22,21,11,10,adopted_customer,False,False,0.9545454545454546,0.9090909090909091,1.0,0.955
438,438,database,44,2,4,24,22,12,11,adopted_customer,False,False,0.9166666666666666,0.9166666666666666,1.0,0.942
439,439,database,44,2,4,20,19,10,9,adopted_customer,False,False,0.95,0.9,1.0,0.95
440,440,database,44,2,4,25,23,12,11,adopted_customer,False,False,0.92,0.9166666666666666,1.0,0.943
441,441,devops,23,2,5,36,34,18,17,adopted_customer,False,False,0.9444444444444444,0.9444444444444444,1.0,0.961
442,442,devops,23,2,5,30,28,15,14,adopted_customer,False,False,0.9333333333333333,0.9333333333333333,1.0,0.953
443,443,devops,23,2,5,28,26,14,13,adopted_customer,False,False,0.9285714285714286,0.9285714285714286,1.0,0.95
444,444,devops,23,2,5,24,23,12,11,adopted_customer,False,False,0.9583333333333334,0.9166666666666666,1.0,0.958
445,445,devops,23,2,5,32,30,16,15,adopted_customer,False,False,0.9375,0.9375,1.0,0.956
446,446,devops,23,2,5,26,25,13,12,adopted_customer,False,False,0.9615384615384616,0.9230769230769231,1.0,0.962
447,447,ux_ui,37,2,9,28,27,14,13,adopted_customer,False,False,0.9642857142857143,0.9285714285714286,1.0,0.964
448,448,ux_ui,37,2,9,26,25,13,12,adopted_customer,False,False,0.9615384615384616,0.9230769230769231,1.0,0.962
449,449,ux_ui,37,2,9,24,22,12,11,adopted_customer,False,False,0.9166666666666666,0.9166666666666666,1.0,0.942
450,450,ux_ui,37,2,9,20,19,10,9,adopted_customer,False,False,0.95,0.9,1.0,0.95
451,451,ux_ui,37,2,9,22,21,11,10,adopted_customer,False,False,0.9545454545454546,0.9090909090909091,1.0,0.955
452,452,ux_ui,37,2,9,18,17,9,8,adopted_customer,False,False,0.9444444444444444,0.8888888888888888,1.0,0.944
453,453,testing,33,2,8,26,25,13,12,adopted_customer,False,False,0.9615384615384616,0.9230769230769231,1.0,0.962
454,454,testing,33,2,8,24,22,12,11,adopted_customer,False,False,0.9166666666666666,0.9166666666666666,1.0,0.942
455,455,testing,33,2,8,22,20,11,10,adopted_customer,False,False,0.9090909090909091,0.9090909090909091,1.0,0.936
456,456,testing,33,2,8,20,18,10,9,adopted_customer,False,False,0.9,0.9,1.0,0.93
457,457,testing,33,2,8,18,17,9,8,adopted_customer,False,False,0.9444444444444444,0.8888888888888888,1.0,0.944
458,458,backend,2,2,1,42,41,21,20,adopted_customer,False,False,0.9761904761904762,0.9523809523809523,1.0,0.976
459,459,backend,2,2,1,40,38,20,19,adopted_customer,False,False,0.95,0.95,1.0,0.965
460,460,backend,2,2,1,38,37,19,18,adopted_customer,False,False,0.9736842105263158,0.9473684210526315,1.0,0.974
461,461,backend,2,2,1,45,43,22,21,adopted_customer,False,False,0.9555555555555556,0.9545454545454546,1.0,0.969
462,462,backend,2,2,1,36,34,18,17,adopted_customer,False,False,0.9444444444444444,0.9444444444444444,1.0,0.961
463,463,backend,2,2,1,32,30,16,15,adopted_customer,False,False,0.9375,0.9375,1.0,0.956
464,464,backend,2,2,1,34,32,17,16,adopted_customer,False,False,0.9411764705882353,0.9411764705882353,1.0,0.959
465,465,backend,2,2,1,28,26,14,13,adopted_customer,False,False,0.9285714285714286,0.9285714285714286,1.0,0.95
466,466,backend,2,2,1,26,25,13,12,adopted_customer,False,False,0.9615384615384616,0.9230769230769231,1.0,0.962
467,467,backend,2,2,1,22,21,11,10,adopted_customer,False,False,0.9545454545454546,0.9090909090909091,1.0,0.955
468,468,backend,2,2,1,33,32,16,16,adopted_customer,False,False,0.9696969696969697,1.0,1.0,0.988
469,469,backend,2,2,1,40,39,20,19,adopted_customer,False,False,0.975,0.95,1.0,0.975
470,470,backend,2,2,1,35,33,17,16,adopted_customer,False,False,0.9428571428571428,0.9411764705882353,1.0,0.959
471,471,backend,2,2,1,31,29,15,14,adopted_customer,False,False,0.9354838709677419,0.9333333333333333,1.0,0.954
472,472,backend,2,2,1,29,27,14,13,adopted_customer,False,False,0.9310344827586207,0.9285714285714286,1.0,0.951
473,473,backend,2,2,1,25,23,12,11,adopted_customer,False,False,0.92,0.9166666666666666,1.0,0.943
474,474,frontend,4,2,2,40,38,20,19,adopted_customer,False,False,0.95,0.95,1.0,0.965
475,475,frontend,4,2,2,36,34,18,17,adopted_customer,False,False,0.9444444444444444,0.9444444444444444,1.0,0.961
476,476,frontend,4,2,2,28,27,14,13,adopted_customer,False,False,0.9642857142857143,0.9285714285714286,1.0,0.964
477,477,frontend,4,2,2,24,23,12,11,adopted_customer,False,False,0.9583333333333334,0.9166666666666666,1.0,0.958
478,478,frontend,4,2,2,30,29,15,14,adopted_customer,False,False,0.9666666666666667,0.9333333333333333,1.0,0.967
479,479,frontend,4,2,2,26,25,13,12,adopted_customer,False,False,0.9615384615384616,0.9230769230769231,1.0,0.962
480,480,frontend,4,2,2,22,21,11,10,adopted_customer,False,False,0.9545454545454546,0.9090909090909091,1.0,0.955
481,481,frontend,4,2,2,20,19,10,9,adopted_customer,False,False,0.95,0.9,1.0,0.95
482,482,frontend,4,2,2,34,33,17,16,adopted_customer,False,False,0.9705882352941176,0.9411764705882353,1.0,0.971
483,483,frontend,4,2,2,28,26,14,13,adopted_customer,False,False,0.9285714285714286,0.9285714285714286,1.0,0.95
484,484,frontend,4,2,2,18,17,9,8,adopted_customer,False,False,0.9444444444444444,0.8888888888888888,1.0,0.944
485,485,frontend,4,2,2,23,22,11,11,adopted_customer,False,False,0.9565217391304348,1.0,1.0,0.983
486,486,frontend,4,2,2,19,18,9,9,adopted_customer,False,False,0.9473684210526315,1.0,1.0,0.979
487,487,frontend,4,2,2,25,24,12,12,adopted_customer,False,False,0.96,1.0,1.0,0.984
488,488,frontend,4,2,2,27,26,13,13,adopted_customer,False,False,0.9629629629629629,1.0,1.0,0.985
489,489,frontend,4,2,2,32,30,16,15,adopted_customer,False,False,0.9375,0.9375,1.0,0.956
490,490,frontend,4,2,2,21,20,10,10,adopted_customer,False,False,0.9523809523809523,1.0,1.0,0.981
491,491,integration,22,2,3,40,39,20,19,adopted_customer,False,False,0.975,0.95,1.0,0.975
492,492,integration,22,2,3,34,33,17,16,adopted_customer,False,False,0.9705882352941176,0.9411764705882353,1.0,0.971
493,493,integration,22,2,3,32,30,16,15,adopted_customer,False,False,0.9375,0.9375,1.0,0.956
494,494,integration,22,2,3,30,28,15,14,adopted_customer,False,False,0.9333333333333333,0.9333333333333333,1.0,0.953
495,495,integration,22,2,3,26,24,13,12,adopted_customer,False,False,0.9230769230769231,0.9230769230769231,1.0,0.946
496,496,integration,22,2,3,22,21,11,10,adopted_customer,False,False,0.9545454545454546,0.9090909090909091,1.0,0.955
497,497,integration,22,2,3,24,23,12,11,adopted_customer,False,False,0.9583333333333334,0.9166666666666666,1.0,0.958
498,498,integration,22,2,3,18,17,9,8,adopted_customer,False,False,0.9444444444444444,0.8888888888888888,1.0,0.944
499,499,database,44,2,4,38,36,19,18,adopted_customer,False,False,0.9473684210526315,0.9473684210526315,1.0,0.963
500,500,database,44,2,4,32,30,16,15,adopted_customer,False,False,0.9375,0.9375,1.0,0.956
501,501,database,44,2,4,28,27,14,13,adopted_customer,False,False,0.9642857142857143,0.9285714285714286,1.0,0.964
502,502,database,44,2,4,26,25,13,12,adopted_customer,False,False,0.9615384615384616,0.9230769230769231,1.0,0.962
503,503,database,44,2,4,22,21,11,10,adopted_customer,False,False,0.9545454545454546,0.9090909090909091,1.0,0.955
504,504,database,44,2,4,24,22,12,11,adopted_customer,False,False,0.9166666666666666,0.9166666666666666,1.0,0.942
505,505,database,44,2,4,20,19,10,9,adopted_customer,False,False,0.95,0.9,1.0,0.95
506,506,database,44,2,4,25,23,12,11,adopted_customer,False,False,0.92,0.9166666666666666,1.0,0.943
507,507,devops,23,2,5,36,34,18,17,adopted_customer,False,False,0.9444444444444444,0.9444444444444444,1.0,0.961
508,508,devops,23,2,5,30,28,15,14,adopted_customer,False,False,0.9333333333333333,0.9333333333333333,1.0,0.953
509,509,devops,23,2,5,28,26,14,13,adopted_customer,False,False,0.9285714285714286,0.9285714285714286,1.0,0.95
510,510,devops,23,2,5,24,23,12,11,adopted_customer,False,False,0.9583333333333334,0.9166666666666666,1.0,0.958
511,511,devops,23,2,5,32,30,16,15,adopted_customer,False,False,0.9375,0.9375,1.0,0.956
512,512,devops,23,2,5,26,25,13,12,adopted_customer,False,False,0.9615384615384616,0.9230769230769231,1.0,0.962
513,513,ux_ui,37,2,9,28,27,14,13,adopted_customer,False,False,0.9642857142857143,0.9285714285714286,1.0,0.964
514,514,ux_ui,37,2,9,26,25,13,12,adopted_customer,False,False,0.9615384615384616,0.9230769230769231,1.0,0.962
515,515,ux_ui,37,2,9,24,22,12,11,adopted_customer,False,False,0.9166666666666666,0.9166666666666666,1.0,0.942
516,516,ux_ui,37,2,9,20,19,10,9,adopted_customer,False,False,0.95,0.9,1.0,0.95
517,517,ux_ui,37,2,9,22,21,11,10,adopted_customer,False,False,0.9545454545454546,0.9090909090909091,1.0,0.955
518,518,ux_ui,37,2,9,18,17,9,8,adopted_customer,False,False,0.9444444444444444,0.8888888888888888,1.0,0.944
